[
  {
    "id": 1,
    "residenteId": "1",
    "fecha": "2025-07-01",
    "monto": 0,
    "estado": "pagada",
    "concepto_factura": "jj"
  },
  {
    "id": 2,
    "residenteId": "8",
    "fecha": "enero",
    "monto": 347000,
    "estado": "pagada",
    "concepto_factura": "admin"
  },
  {
    "id": 3,
    "monto": null,
    "concepto_factura": "Administración"
  },
  {
    "id": 4,
    "monto": null,
    "concepto_factura": "Administración"
  },
  {
    "id": 5,
    "residenteId": "4",
    "fecha": "2025-06-01",
    "monto": 2500,
    "estado": "pendiente",
    "concepto_factura": "admin"
  },
  {
    "id": 6,
    "residenteId": "4",
    "fecha": "2025-06-01",
    "monto": 1200,
    "estado": "pagada",
    "concepto_factura": "multa"
  },
  {
    "id": 7,
    "monto": null,
    "concepto_factura": "Administración"
  },
  {
    "id": 8,
    "residenteId": "4",
    "fecha": "2025-06-01",
    "monto": 1200,
    "estado": "pendiente",
    "concepto_factura": "Administración"
  },
  {
    "id": 9,
    "residenteId": "4",
    "fecha": "2025-06-01",
    "monto": 1200,
    "estado": "pagada",
    "concepto_factura": "multa"
  }
]